INSERT INTO users (id, name, age)
VALUES (1, "Mochi", 2), (2, 'Mira', 10), (3, 'Sasha', 7),
 (4, 'Oliver', 15),(5, 'Lupe', 24), (6, 'Syd', 21), (7, 'Betty', 19), (8, 'Amy', 30), (9, 'Joe', 50), (10, 'Bob', 34),
(11, 'Moira', 50), (12, 'David', 28), (13, 'Alexis', 27), (14, 'Patrick', 36), (15, 'John', 56), (16, 'Fred', 5),
(17, 'Velma', 16), (18, 'Pugsly', 13), (19, 'Wednesday', 10), (20, 'Gomez', 29);

INSERT INTO projects (id, title, category, funding_goal, start_date, end_date) VALUES
(1, 'Play the Piano', 'Music', 90.00, '11-29-2020', '8-22-2021'),
(2, 'Cat Breeds', 'Animals', 50.00, '11-20-20', '02-11-21'),
(3, 'Tennis Strategies', 'Sports', 100.00, '12-1-20', '9-9-21'),
(4, 'Special Olympics', 'Charity', 400.00, '1-1-21', '12-1-21'),
(5, 'Animal Shelters', 'Charity', 900.00, '12-25-20', '12-30-21'),
(6, 'Elephant Room', 'Music', 70.00, '1-3-21', '7-22-21'),
(7, 'Cookies', 'Food', 20.00, '11-30-20', '1-20-21'),
(8, 'Homelss Shelters', 'Charity', 800.00, '9-19-21', '11-2-21'),
(9, 'Disney Cruise', 'Recreational', 300.00, '12-3-20', '2-23-21'),
(10, 'Help Pups Find a Home', 'charity', 900.00, '12-2-20', '12-31-21');

INSERT INTO pledges (id, amount, user_id, project_id) VALUES
(1, 100.00, 1, 2),
(2, 20.00, 2, 3),
(3, 120.00, 2, 4),
(4, 150.00, 3, 3),
(5, 100.00, 3, 2),
(6, 20.00, 4, 4),
(7, 450.00, 5, 10),
(8, 60.00, 6, 10),
(9, 20.00, 7, 9),
(10, 70.00, 8, 8),
(11, 10.00, 8, 7),
(12, 40.00, 9, 6),
(13, 50.00, 9, 3),
(14, 50.00, 10, 4),
(15, 24.00, 12, 1),
(16, 34.00, 11, 1),
(17, 12.00, 13, 6),
(18, 20.00, 14, 5),
(19, 25.00, 15, 5),
(20, 40.00, 16, 6),
(21, 35.50, 17, 7),
(22, 40.00, 18, 8),
(23, 60.00, 19, 9),
(24, 200.00, 20, 10),
(25, 100.00, 20, 4),
(26, 40.00, 19, 1),
(27, 20.00, 18, 6),
(28, 90.00, 17, 9),
(29, 230.00, 16, 6),
(30, 450.00, 15, 5);
